Field,Value
_id,65947d7b7112ebda1c9d43af
value,string
__v,0
_id,65947d987112ebda1c9d43b1
value,prova
__v,0
_id,659488b97112ebda1c9d43b7
value,models
__v,0
dateSaved,2025-01-26 22:19:36.294000
lastUpdated,2025-04-18 14:35:28.565000
usageCount,6
_id,659488ff7112ebda1c9d43ba
value,word
__v,0
_id,659488ff7112ebda1c9d43be
value,nature
__v,0
_id,65948d0b7112ebda1c9d43c4
value,nutrition
__v,0
_id,65948d0b7112ebda1c9d43c6
value,data
__v,0
_id,65948d0b7112ebda1c9d43c8
value,computer
__v,0
dateSaved,2025-03-04 11:10:22.125000
lastUpdated,2025-03-04 11:10:22.125000
usageCount,1
_id,65948ecf7112ebda1c9d43ce
value,model
__v,0
_id,6596ece6a838320ff0b8c971
value,testing
__v,0
_id,6596ece6a838320ff0b8c973
value,Testing
__v,0
_id,6596ee97a838320ff0b8c9ab
value,animal
__v,0
_id,6597a425a838320ff0b8ca42
value,machine learning
__v,0
_id,6597cce6a838320ff0b8cacc
value,Natural
__v,0
_id,6599cd7fa838320ff0b8cca5
value,count
__v,0
_id,6599d205a838320ff0b8cd02
value,interstellar
__v,0
_id,659ab4d12097e0db2acf8d4d
value,test
__v,0
updatedAt,2025-01-26 18:15:09.309000
_id,659ab6f72097e0db2acf8d59
value,Modern Astrophysics
__v,0
_id,659ab7082097e0db2acf8d6b
value,MODELS
__v,0
_id,659ad9210b2d6ad9e64a7519
value,circular economy
__v,0
dateSaved,2025-01-27 15:01:16.738000
lastUpdated,2025-04-17 12:19:48.353000
usageCount,7
_id,659b37790b2d6ad9e64a78eb
value,football
__v,0
_id,659bd4b60b2d6ad9e64a8345
value,Data
__v,0
_id,659bd4d70b2d6ad9e64a835d
value,datA
__v,0
_id,659bd5af0b2d6ad9e64a8363
value,Lebron James
__v,0
_id,659bd5fe0b2d6ad9e64a8372
value,lebron james
__v,0
_id,659c33f21766373fef6f37b5
value,basket
__v,0
_id,659dc80a83a3c528041fb92c
value,inter
__v,0
_id,659e873383a3c52804957701
value,music
__v,0
_id,659e873483a3c52804957b0e
value,python
__v,0
_id,659e875283a3c52804962969
value,c++
__v,0
_id,659e87b983a3c52804985c05
value,sustainability
__v,0
dateSaved,2025-01-26 22:20:04.182000
lastUpdated,2025-04-17 12:20:35.323000
createdAt,2025-01-26 22:22:23.085000
usageCount,12
_id,659e87cf83a3c5280498d6b8
value,finance
__v,0
_id,659e87ec83a3c52804996baa
value,vr
__v,0
_id,659e880683a3c5280499f960
value,engineering
__v,0
_id,659e881383a3c528049a3ae6
value,ai
__v,0
lastUpdated,2025-01-27 14:49:39.668000
usageCount,3
_id,659e881b83a3c528049a6a24
value,c
__v,0
_id,659e881c83a3c528049a6edb
value,virtual reality
__v,0
_id,659e892e83a3c52804a0124a
value,loan
__v,0
_id,659e8ec483a3c52804bec3b0
value,inflation
__v,0
_id,659e926483a3c52804d257dc
value,metaverse
__v,0
_id,659e92fd83a3c52804d5aff5
value,security
__v,0
_id,659e934083a3c52804d732c6
value,3d game
__v,0
_id,659e935383a3c52804d79c62
value,vim
__v,0
_id,659e938283a3c52804d89ab0
value,game engine
__v,0
_id,659ea96883a3c5280450e07a
value,inters
__v,0
_id,659edd0b83a3c528045db865
value,data science
__v,0
lastUpdated,2025-01-27 16:40:41.575000
usageCount,10
dateSaved,2025-01-27 14:55:16.779000
_id,659fbf2a83a3c5280443501c
value,artificial intelligence
__v,0
lastUpdated,2025-02-18 14:15:10.888000
usageCount,3
dateSaved,2025-02-18 14:15:10.888000
_id,65a1054783a3c528045e0728
value,argument
__v,0
_id,65a1055a83a3c528045e656d
value,argument structure
__v,0
_id,65a1063083a3c5280462bfa2
value,social annotation
__v,0
_id,65a1065083a3c52804635d51
value,learning assessment
__v,0
dateSaved,2025-04-17 10:06:02.265000
lastUpdated,2025-04-17 10:07:25.039000
usageCount,2
_id,65a106a383a3c52804652fa0
value,math elementary school
__v,0
_id,65a1073783a3c52804687df9
value,argumentation
__v,0
_id,65a1077b83a3c5280469e85e
value,math
__v,0
_id,65a107b583a3c528046b16a5
value,water
__v,0
_id,65a107b683a3c528046b1cd4
value,hi
__v,0
dateSaved,2025-04-18 08:19:56.213000
lastUpdated,2025-04-18 08:20:32.063000
usageCount,3
_id,65a107b683a3c528046b1cda
value,arti
__v,0
_id,65a10a4b83a3c52804781401
value,argum
__v,0
_id,65a10a4b83a3c52804781456
value,ar
__v,0
_id,65a10b8c83a3c528047ebc19
value,ma
__v,0
_id,65a1114283a3c528049b6bca
value,fake news
__v,0
_id,65a22ed983a3c52804dfd842
value,reliability
__v,0
_id,65a22efe83a3c52804e07625
value,prezi
__v,0
_id,65a2308e83a3c52804e728b5
value,credibility
__v,0
_id,65a6631983a3c5280411ee94
value,organization
__v,0
_id,65a6634c83a3c5280412f453
value,wireless sensor network
__v,0
_id,65b135c2aac17c36a5132224
value,computer science
__v,0
_id,65b1374eaac17c36a51a8d93
value,java
__v,0
_id,65b3737daac17c36a523d344
value,evaluation
__v,0
_id,65b39167aac17c36a5bf2b59
value,natural
__v,0
_id,65b89264aac17c36a584f8a6
value,gender equality
__v,0
_id,65b8acb6aac17c36a5f89e18
value,product
__v,0
_id,65b8acb6aac17c36a5f89e13
value,gender stereotype
__v,0
_id,65b8ad22aac17c36a5facc68
value,diversity
__v,0
_id,65b8ad22aac17c36a5facd6b
value,product development
__v,0
_id,65b8adcfaac17c36a5fdee9b
value,interview technique
__v,0
_id,65b8ade6aac17c36a5fe5165
value,conflict
__v,0
_id,65b8adf7aac17c36a5fea6b3
value,team
__v,0
_id,65b8ae5baac17c36a5007127
value,equality
__v,0
_id,65c1ff80e7cda45d9b32541f
value,hydrogen
__v,0
_id,65cb5433e7cda45d9b8586f7
value,soft skills
__v,0
_id,65cb545ce7cda45d9b8656db
value,recruitment
__v,0
_id,65cb549ee7cda45d9b879afb
value,hum
__v,0
_id,65cb5554e7cda45d9b8b065d
value,management
__v,0
dateSaved,2025-03-17 10:47:48.405000
lastUpdated,2025-03-17 10:47:48.405000
usageCount,1
_id,65cb5574e7cda45d9b8b9c13
value,questioning
__v,0
_id,65cb558be7cda45d9b8c0b51
value,listening
__v,0
_id,65cb55b7e7cda45d9b8ce952
value,green
__v,0
_id,65cb565de7cda45d9b9010d5
value,digital
__v,0
_id,65cb7dcbe7cda45d9b6141f7
value,architecture
__v,0
_id,65ccf108e7cda45d9be17992
value,computer sci
__v,0
_id,65cde6ec1254b72e6cf86f29
value,operations management
__v,0
_id,65cde75e1254b72e6cfa9d3b
value,industry 4.0
__v,0
_id,65cde77d1254b72e6cfb37e7
value,textile
__v,0
_id,65cde9071254b72e6c02aa03
value,kpi
__v,0
_id,65cde9a41254b72e6c057c9b
value,battery
__v,0
_id,65cdea291254b72e6c07f91b
value,indu
__v,0
_id,65cdeab11254b72e6c0a7a46
value,assessment
__v,0
_id,65cdeb271254b72e6c0c9f8a
value,ux
__v,0
_id,65cdebec1254b72e6c1067fa
value,sustainable driving
__v,0
_id,65cdebf41254b72e6c108f1a
value,organizational behaviour
__v,0
_id,65cdec771254b72e6c12fd78
value,leadership
__v,0
_id,65cdec771254b72e6c12fd8e
value,presentation
__v,0
_id,65cdf1741254b72e6c2c6f4b
value,cybersecurity
__v,0
_id,65cdf1ad1254b72e6c2d82d7
value,bias
__v,0
_id,65cdf44d1254b72e6c3a2987
value,badge
__v,0
_id,65d45155921c4ae137247e48
value,natural language processing
__v,0
_id,65d45ed3921c4ae137641e07
value,natu
__v,0
_id,65d46191921c4ae13771121e
value,art
__v,0
_id,65d46198921c4ae13771322d
value,time management
__v,0
_id,65d461a1921c4ae137715d41
value,arts
__v,0
_id,65d461a1921c4ae137715d43
value,artific
__v,0
_id,65d461d1921c4ae137724b89
value,social network
__v,0
_id,65d461eb921c4ae13772d277
value,text mining
__v,0
_id,65d461f6921c4ae1377307e2
value,network analysis
__v,0
_id,65d4620f921c4ae137737fca
value,agi
__v,0
_id,65d46287921c4ae13775ccb1
value,prediction
__v,0
_id,65d462e7921c4ae137778f1b
value,deep learning
__v,0
_id,65d46305921c4ae137781b8f
value,chatbot
__v,0
_id,65d46350921c4ae137798be6
value,strategy
__v,0
_id,65d46350921c4ae137798bf4
value,policy
__v,0
_id,65d4636a921c4ae1377a0160
value,case studies
__v,0
_id,65d4646b921c4ae1377ebfe5
value,llm
__v,0
_id,65d464c7921c4ae137807973
value,data mining
__v,0
_id,65d466a3921c4ae137891db8
value,kids
__v,0
_id,65d466db921c4ae1378a23d7
value,artifici
__v,0
_id,65d466db921c4ae1378a23e7
value,text-to-speech
__v,0
_id,65d46725921c4ae1378b75a6
value,text mini
__v,0
_id,65d49185921c4ae1375752af
value,prompt
__v,0
_id,65d4a248921c4ae137a6b72b
value,prompting
__v,0
_id,65d4c5ca921c4ae137505e70
value,prompt engineering
__v,0
_id,65d5cf53921c4ae137cc2f0c
value,creativity
__v,0
_id,65d5da65921c4ae137008ae8
value,energy management
__v,0
_id,65d5da70921c4ae13700bfbf
value,marketing
__v,0
_id,65d5da7f921c4ae13701072d
value,leader
__v,0
_id,65d5da7f921c4ae137010762
value,crea
__v,0
_id,65d5da7f921c4ae137010784
value,stra
__v,0
_id,65d5da96921c4ae137017c01
value,kotler
__v,0
_id,65d5dafd921c4ae1370377c5
value,carbon footprint
__v,0
_id,65d5dbb7921c4ae137070f10
value,sustainability report
__v,0
_id,65d5dd51921c4ae1370eab62
value,energy
__v,0
_id,65d5ddec921c4ae13711d119
value,leadership in hr
__v,0
_id,65d5df2b921c4ae137181efe
value,esg
__v,0
_id,65dcacc7921c4ae137d45d54
value,andragogy
__v,0
dateSaved,2025-02-21 06:58:48.018000
lastUpdated,2025-02-21 07:30:14.397000
usageCount,8
_id,65dcad97921c4ae137d878be
value,climate
__v,0
dateSaved,2025-02-28 17:51:45.005000
lastUpdated,2025-03-04 10:43:38.206000
usageCount,22
_id,65dcae3e921c4ae137dbbd81
value,feedback
__v,0
_id,65dcb19f921c4ae137ebebf1
value,digital literacy
__v,0
_id,65dcc982921c4ae1375ebebc
value,scams
__v,0
_id,65dccb12921c4ae137659bbf
value,inuit
__v,0
_id,65df1008921c4ae13750086b
value,environmental science
__v,0
_id,65df2cbb921c4ae137e3095c
value,introduction
__v,0
_id,65df57f8921c4ae137c1b6be
value,basics of renewable energy
__v,0
_id,65df5c0d921c4ae137d6bb90
value,introduction to environmental science
__v,0
_id,65df5c68921c4ae137d885c4
value,introduction to env
__v,0
_id,65df67d4921c4ae137121d3b
value,dua
__v,0
_id,65df67f9921c4ae13712b71d
value,computational thinking
__v,0
_id,65df6837921c4ae13713bd41
value,digital competence
__v,0
dateSaved,2025-02-10 14:53:22.314000
lastUpdated,2025-02-10 14:53:22.314000
usageCount,1
_id,65df6837921c4ae13713bddb
value,educational robotics
__v,0
_id,65df68d9921c4ae1371665b8
value,combinatorics
__v,0
_id,65df6a29921c4ae1371c81ad
value,sustainable business models
__v,0
_id,65df6a36921c4ae1371cc2da
value,discrete math
__v,0
_id,65df6a3f921c4ae1371ce85b
value,discrete mathematics
__v,0
_id,65df6a43921c4ae1371cfcdd
value,alfin
__v,0
_id,65df6a68921c4ae1371da6c0
value,wikipedia
__v,0
_id,65df6acc921c4ae1371f7b32
value,formative assessment
__v,0
_id,65df6bed921c4ae137248b44
value,queer
__v,0
_id,65df6bff921c4ae13724df90
value,rubric assessment
__v,0
dateSaved,2025-04-17 10:08:36.001000
lastUpdated,2025-04-17 10:08:36.001000
usageCount,1
_id,65df6c35921c4ae13725d779
value,disabled
__v,0
_id,65df6c35921c4ae13725d80f
value,disability
__v,0
_id,65df6c36921c4ae13725de2a
value,wikimedia
__v,0
_id,65df6ca9921c4ae13727fbe7
value,instruments
__v,0
_id,65df6df2921c4ae1372d9820
value,sesg
__v,0
_id,65df6e6b921c4ae1372fab00
value,rubric
__v,0
_id,65df70e6921c4ae1373b4594
value,rational numbers
__v,0
_id,65df7190921c4ae1373e4687
value,environmental
__v,0
dateSaved,2025-03-17 10:47:48.343000
lastUpdated,2025-03-17 10:47:48.343000
usageCount,1
_id,65df7322921c4ae1374545ba
value,entrepreneurial
__v,0
_id,65df7a2f62757d25bc3ed3a4
value,computational thinking education
__v,0
_id,65e4d48862757d25bc19939f
value,bluetooth
__v,0
_id,65e5f58485460aecf5df254c
value,stem
__v,0
_id,65e5fbd585460aecf50070bd
value,english
__v,0
_id,65e5ffcf85460aecf514f3a2
value,verbi
__v,0
_id,65e6007c85460aecf517f2f9
value,+
__v,0
_id,65e6009b85460aecf5187da2
value,operation
__v,0
_id,65e6009b85460aecf5187daf
value,primary
__v,0
_id,65e600b285460aecf518dec7
value,k-12
__v,0
_id,65e6031b85460aecf523c448
value,health
__v,0
dateSaved,2025-03-17 10:47:48.338000
lastUpdated,2025-03-17 10:47:48.338000
usageCount,1
_id,65e603a385460aecf5262b0a
value,primary school
__v,0
_id,65e603dc85460aecf5273410
value,pirandello
__v,0
_id,65e707c87562767b722b4757
value,oer
__v,0
_id,65e707ef7562767b722c15ef
value,cibo
__v,0
_id,65e708757562767b722ea170
value,assesment
__v,0
_id,65e708767562767b722ea7ea
value,game
__v,0
_id,65e708817562767b722ed5d3
value,talk
__v,0
_id,65e7088f7562767b722f13fc
value,self assessment
__v,0
_id,65e708dc7562767b72307e83
value,learning feedback
__v,0
_id,65e708e77562767b7230b10f
value,observation
__v,0
_id,65e708fe7562767b72311fee
value,classroom
__v,0
_id,65e709107562767b72317808
value,asses
__v,0
_id,65e709187562767b72319d79
value,assessment for learning
__v,0
_id,65e7093a7562767b72323c66
value,childhood
__v,0
_id,65e709507562767b7232cdad
value,kid
__v,0
_id,65e709787562767b7233b979
value,learn
__v,0
_id,65e7097c7562767b7233cf17
value,ass
__v,0
_id,65e709857562767b723401a7
value,modern astrophysics
__v,0
_id,65e7098f7562767b72343bf3
value,learning assessments
__v,0
_id,65e7098f7562767b72343c09
value,assessments
__v,0
_id,65e709b87562767b72351052
value,evaluation criteria
__v,0
_id,65e70a107562767b7236b9ad
value,peer review
__v,0
_id,65e70a6d7562767b72387450
value,give feedback
__v,0
_id,65e70a957562767b72393ebe
value,hallo
__v,0
_id,65e70b9a7562767b723e0ede
value,clean
__v,0
_id,65e70b9b7562767b723e13f1
value,history
__v,0
_id,65e70bb17562767b723e8d0d
value,tree
__v,0
_id,65e70be27562767b723f70bf
value,lab
__v,0
_id,65e70bf37562767b723fc14f
value,cooperative
__v,0
_id,65e70c257562767b7240b4fe
value,textbook
__v,0
_id,65e70c737562767b724249d8
value,italian literature
__v,0
_id,65e70cc77562767b7243ed14
value,self evaluation mandalas
__v,0
_id,65e70cf57562767b7244df8b
value,elementary school
__v,0
_id,65e70d1f7562767b7245b186
value,critical
__v,0
_id,65e70d2d7562767b7245f3ef
value,self-evaluation
__v,0
_id,65e70ee27562767b724e4c08
value,mandalas
__v,0
_id,65e881abe828ac61702ecd9b
value,environ
__v,0
_id,65e882b5e828ac617033ae8a
value,envi
__v,0
_id,65eaead059a1216136736a15
value,problem
__v,0
_id,65eed2ba79f563f97ba7134e
value,ethics
__v,0
_id,65ef510e79f563f97b3898ba
value,generative ai
__v,0
_id,65ef512f79f563f97b392a97
value,software engineering
__v,0
dateSaved,2025-02-18 10:42:44.313000
lastUpdated,2025-02-18 10:44:01.128000
usageCount,2
_id,65ef515179f563f97b39d818
value,susta
__v,0
_id,65f021ca79f563f97bca64e5
value,cooperative learning
__v,0
_id,65f0223779f563f97bcc9df6
value,science
__v,0
_id,65f0223779f563f97bcc9dfd
value,biology
__v,0
_id,65f0226d79f563f97bcd9eb9
value,peer
__v,0
_id,65f0230f79f563f97bd0bf67
value,book creator
__v,0
_id,65f0237679f563f97bd2da1f
value,fish
__v,0
_id,65f0247979f563f97bd81c81
value,culture
__v,0
_id,65f0250979f563f97bdaed01
value,peer education
__v,0
_id,65f0252e79f563f97bdba2a0
value,italia
__v,0
_id,65f025b779f563f97bde6df9
value,landscape
__v,0
_id,65f025b779f563f97bde6e2a
value,text
__v,0
_id,65f0265379f563f97be178e3
value,texting
__v,0
_id,65f0265379f563f97be178f4
value,writing
__v,0
_id,65f0265379f563f97be178f9
value,description
__v,0
_id,65f02c3579f563f97bffb1a0
value,uda
__v,0
_id,65f0317979f563f97b1a5a01
value,poligon
__v,0
_id,65f031df79f563f97b1c5d68
value,figures
__v,0
_id,65f031df79f563f97b1c5d69
value,geometry
__v,0
_id,65f1745e79f563f97baff9b5
value,colours
__v,0
_id,65f2b5ee072ff3708f2721fa
value,n
__v,0
_id,65f2c53e072ff3708f741207
value,impacto
__v,0
_id,65f98f5b072ff3708f11ebbe
value,su
__v,0
_id,65fac534579137d77daf8e57
value,blank
__v,0
_id,65fad343579137d77dfb10c2
value,000
__v,0
_id,65fad85e579137d77d16258e
value,giovanni mucciaccia
__v,0
_id,65faf65a579137d77db47891
value,0
__v,0
_id,65fb15c0579137d77d59a7f3
value,0op
__v,0
_id,65fbd90c579137d77da16f1e
value,modelling
__v,0
_id,660071a6f2b5e0d74df7d562
value,biological
__v,0
_id,660071c0f2b5e0d74df84067
value,soccer
__v,0
_id,66007255f2b5e0d74dfa8dc1
value,baseball
__v,0
_id,660078c9f2b5e0d74d166ba2
value,score
__v,0
_id,660299636d15c8df9e039a6f
value,xtext
__v,0
_id,660306ec6d15c8df9e254e65
value,psychology
__v,0
dateSaved,2025-04-18 08:21:43.560000
lastUpdated,2025-04-18 08:21:43.560000
usageCount,1
_id,660308a16d15c8df9e2c9839
value,console
__v,0
_id,660309036d15c8df9e2e3343
value,animals
__v,0
_id,660309916d15c8df9e30926c
value,javascript
__v,0
_id,66030b5b6d15c8df9e382daf
value,nike
__v,0
_id,66030c636d15c8df9e3c94de
value,minimum
__v,0
_id,66030ca96d15c8df9e3db347
value,maximum
__v,0
_id,66030df66d15c8df9e444377
value,derivate
__v,0
_id,66030f036d15c8df9e489854
value,ball
__v,0
_id,6603148a6d15c8df9e618f70
value,create podcast
__v,0
_id,660314cf6d15c8df9e62d1c3
value,podcast
__v,0
_id,66067a096d15c8df9e517f5a
value,example of exercise
__v,0
_id,66067cfb6d15c8df9e621b36
value,null
__v,0
_id,66067fee6d15c8df9e707ac6
value,20+
__v,0
_id,6606ed286d15c8df9ee026a8
value,project management
__v,0
dateSaved,2025-02-18 14:16:22.504000
lastUpdated,2025-02-18 15:20:06.977000
usageCount,4
_id,660e6db5cb85c5dd4bc73cf7
value,vertical integration
__v,0
_id,66116081c92ee34afc9b8337
value,comput
__v,0
_id,6618dfebcc1c4c3506b3bcc7
value,neet
__v,0
_id,6618e020cc1c4c3506b4c455
value,chatgpt
__v,0
_id,6618e03acc1c4c3506b54199
value,peer feedback
__v,0
_id,6618e0bbcc1c4c3506b7d771
value,homosexuality
__v,0
_id,6618e129cc1c4c3506b9f75f
value,sociology
__v,0
_id,6618e13bcc1c4c3506ba4f62
value,feed
__v,0
_id,6618e1e3cc1c4c3506bda390
value,open data
__v,0
_id,6618e271cc1c4c3506c06aca
value,digital skill
__v,0
dateSaved,2025-04-17 08:29:13.082000
lastUpdated,2025-04-17 08:29:29.159000
usageCount,2
_id,6618e297cc1c4c3506c125a8
value,emotion
__v,0
_id,6618e472cc1c4c3506ca7625
value,soft skill
__v,0
_id,6618e870cc1c4c3506de5cb2
value,vegan
__v,0
_id,661d3d66cc1c4c3506e78edf
value,gauss
__v,0
_id,6625609c479734befb9e1ec9
value,food
__v,0
_id,66267df0479734befbf13d96
value,start up
__v,0
_id,66267df7479734befbf15fba
value,gamification
__v,0
_id,66267e3d479734befbf2c3ba
value,killer
__v,0
_id,66267e60479734befbf38058
value,scada
__v,0
_id,66267ee4479734befbf634c4
value,fici
__v,0
_id,66267f1b479734befbf760bf
value,roi
__v,0
_id,66267f59479734befbf8a594
value,functional analysis
__v,0
_id,66267f65479734befbf8e2de
value,cynomys
__v,0
_id,66267f77479734befbf94439
value,excel
__v,0
_id,66267f7a479734befbf9550b
value,genai
__v,0
_id,66267f81479734befbf97910
value,monitoring
__v,0
_id,66267ff1479734befbfbbde0
value,nlp
__v,0
_id,66268003479734befbfc22df
value,pomace
__v,0
_id,662681ed479734befb064f77
value,wine
__v,0
_id,6626820c479734befb06ea75
value,tourism
__v,0
_id,66268236479734befb07bf1b
value,pollution
__v,0
_id,6626828e479734befb099af7
value,porn
__v,0
_id,662682e3479734befb0b634b
value,the
__v,0
_id,66268306479734befb0c1394
value,plant
__v,0
_id,662683d9479734befb10554d
value,walls
__v,0
_id,662690f6479734befb5074ee
value,acting
__v,0
_id,662b6ea7479734befbeee1b3
value,ctf
__v,0
_id,662b6fd6479734befbf512c3
value,needfinding
__v,0
_id,662b6fdf479734befbf5422b
value,sof
__v,0
_id,662b7018479734befbf6bd42
value,dick
__v,0
_id,662b701e479734befbf6e4c3
value,basketball
__v,0
_id,662b702f479734befbf73d5f
value,discord
__v,0
_id,662b7031479734befbf74acc
value,rol
__v,0
_id,662b7042479734befbf79e9c
value,music app
__v,0
_id,662b7042479734befbf79ea4
value,app
__v,0
_id,662b705b479734befbf82d5a
value,poker
__v,0
_id,662b706c479734befbf88692
value,ia
__v,0
_id,662b706f479734befbf895d1
value,pi
__v,0
_id,662b7071479734befbf89eb8
value,weapon
__v,0
_id,662b7075479734befbf8b15d
value,mola
__v,0
_id,662b707b479734befbf8d03b
value,adn
__v,0
_id,662b707b479734befbf8d16d
value,un
__v,0
_id,662b7085479734befbf90436
value,nba
__v,0
_id,662b7091479734befbf93ea3
value,ipv6
__v,0
_id,662b7096479734befbf968cd
value,periodic table
__v,0
_id,662b70b3479734befbfa0c87
value,hosting
__v,0
_id,662b70bc479734befbfa37c9
value,bio
__v,0
_id,662b70be479734befbfa413c
value,f1
__v,0
_id,662b70bf479734befbfa478f
value,arbol
__v,0
_id,662b70dc479734befbfade90
value,chemistry
__v,0
_id,662b70df479734befbfaec4d
value,plane
__v,0
_id,662b70df479734befbfaed93
value,u
__v,0
_id,662b70eb479734befbfb3280
value,web hosting
__v,0
_id,662b70fe479734befbfb943e
value,mat
__v,0
_id,662b70ff479734befbfb980b
value,genetic
__v,0
_id,662b712c479734befbfc881c
value,elisa
__v,0
_id,662b7139479734befbfcd178
value,genetic code
__v,0
_id,662b7149479734befbfd2803
value,informatics
__v,0
_id,662b7155479734befbfd6996
value,coldplay
__v,0
_id,662b715d479734befbfd92f0
value,dna
__v,0
_id,662b7183479734befbfe69a6
value,hist
__v,0
_id,662b7195479734befbfecf4d
value,pablo
__v,0
_id,662b7197479734befbfed8d7
value,bioinformatics
__v,0
_id,662b7198479734befbfedfc6
value,computing
__v,0
_id,662b71d4479734befb001e30
value,caracas
__v,0
_id,662b71fc479734befb00eaa3
value,yorkshire
__v,0
_id,662b7274479734befb036d7a
value,usal
__v,0
_id,662b729f479734befb044d85
value,replication dna
__v,0
_id,662b72da479734befb058511
value,bomb
__v,0
_id,662b72e9479734befb05ccf0
value,cryptography
__v,0
_id,662b72eb479734befb05d722
value,replica
__v,0
_id,662b72fd479734befb063211
value,eda
__v,0
_id,662b72fd479734befb063239
value,algorithm
__v,0
_id,662b7307479734befb0664a8
value,code
__v,0
_id,662b7330479734befb073ad2
value,quantum
__v,0
_id,662b7391479734befb0935b8
value,hola
__v,0
_id,662b73d3479734befb0a889f
value,replication
__v,0
_id,662b73ee479734befb0b2691
value,dna repair
__v,0
_id,662b73fd479734befb0b7736
value,operating systems
__v,0
_id,662b7404479734befb0b958a
value,data structure
__v,0
_id,662b743e479734befb0cd946
value,trol
__v,0
_id,662b7453479734befb0d3f25
value,cloud
__v,0
_id,662b745f479734befb0d7b90
value,bet
__v,0
_id,662b7466479734befb0d9dd8
value,swift
__v,0
_id,662b748e479734befb0e78f6
value,desing
__v,0
_id,662b74dd479734befb104a48
value,venn diagram
__v,0
_id,662b7944479734befb271011
value,theory of humors
__v,0
_id,662b7973479734befb281894
value,humors
__v,0
_id,662b7a5b479734befb2cf255
value,holistic
__v,0
_id,6630c5a2479734befb60b220
value,sustainable agriculture
__v,0
_id,6630d107479734befb9e7eea
value,rusia
__v,0
_id,6630d127479734befb9f27e7
value,red
__v,0
_id,6630d13a479734befb9f84ad
value,black
__v,0
_id,6630d171479734befba0a55d
value,add
__v,0
_id,6630d177479734befba0c939
value,head
__v,0
_id,6630d1a0479734befba1a1bb
value,algo
__v,0
_id,6630d1b8479734befba21d4a
value,cards
__v,0
_id,6630d1c0479734befba248e7
value,online class
__v,0
_id,6630d1c5479734befba26341
value,comp
__v,0
_id,6630d1c5479734befba26356
value,keyboard
__v,0
_id,6630d1c5479734befba26390
value,finger
__v,0
_id,6630d1c5479734befba263b8
value,hand
__v,0
_id,6630d1cb479734befba28734
value,iphone
__v,0
_id,6630d1e8479734befba31cce
value,upsa
__v,0
_id,6630d1fd479734befba387dc
value,yello
__v,0
_id,6630d21d479734befba42994
value,cri
__v,0
_id,6630d22b479734befba47aa2
value,ipo
__v,0
_id,6630d261479734befba5983c
value,gam
__v,0
_id,6630d271479734befba5edab
value,games
__v,0
dateSaved,2025-01-28 09:01:45.087000
lastUpdated,2025-01-28 09:01:45.087000
usageCount,1
_id,6630d288479734befba664af
value,mate
__v,0
_id,6630d288479734befba664c0
value,cli
__v,0
_id,6630d28f479734befba689c2
value,play
__v,0
_id,6630d2c1479734befba79441
value,child
__v,0
_id,6630d2fe479734befba8df66
value,rainbow
__v,0
_id,6630d3ac479734befbac8b60
value,97
__v,0
_id,6630d3d4479734befbad6354
value,s
__v,0
_id,6630d3d7479734befbad7360
value,html
__v,0
_id,6630d41f479734befbaf040f
value,video
__v,0
_id,6630d42a479734befbaf3e49
value,go
__v,0
_id,6630d43a479734befbaf9003
value,apple
__v,0
_id,6630d46e479734befbb09885
value,work
__v,0
_id,6630d47c479734befbb0dd78
value,league of legends
__v,0
_id,6630d4b9479734befbb220d6
value,league of
__v,0
_id,6630d4d4479734befbb2b225
value,lengua
__v,0
_id,6630d50e479734befbb3ea58
value,league
__v,0
_id,6634e372479734befb43a78f
value,logarithm
__v,0
_id,6634f116de10f5a6b542c03c
value,aaaoerprova
__v,0
_id,6634f963de10f5a6b5683749
value,aaa
__v,0
_id,6634f972de10f5a6b56878da
value,logari
__v,0
_id,6634ff52de10f5a6b5831ad1
value,logar
__v,0
_id,66366fd1de10f5a6b57c25ac
value,prova true false
__v,0
_id,66367090de10f5a6b57f350d
value,prova single choice practical
__v,0
_id,6638db75d18e80c25e3c788c
value,usability
__v,0
_id,6638db75d18e80c25e3c7891
value,user experience
__v,0
_id,6638fa2ad18e80c25ed7eddb
value,test oer to verify inclusion in a collection 4
__v,0
_id,6639f654d18e80c25efd2dfe
value,climate change
__v,0
dateSaved,2025-03-02 13:57:17.415000
lastUpdated,2025-03-04 11:02:48.919000
usageCount,14
_id,6639f677d18e80c25efdd312
value,this synthesis report (syr) of the ipcc
__v,0
_id,6639f677d18e80c25efdd317
value,clima
__v,0
_id,663b7dcfd18e80c25e0f465a
value,prova di funzionamento
__v,0
_id,663b8508d18e80c25e339556
value,mechanics and design of concrete structures
__v,0
_id,664270bdf89469802549805e
value,mde
__v,0
_id,664270f4f8946980254a5a65
value,mdd
__v,0
_id,664270f4f8946980254a5a88
value,tool
__v,0
_id,66460761a95aa63c34b38689
value,talent management
__v,0
_id,664dfc45cf253d2cdf73de7b
value,inte
__v,0
_id,664dfeaacf253d2cdf8035aa
value,bilan carbone
__v,0
_id,664dfeaacf253d2cdf8035ba
value,digital learning
__v,0
_id,664dfeabcf253d2cdf803625
value,impact
__v,0
_id,664dff58cf253d2cdf83c3d1
value,sustainability work
__v,0
_id,664e009ecf253d2cdf8a398c
value,dryness
__v,0
_id,664e321ccf253d2cdf75bc17
value,sport
__v,0
dateSaved,2025-03-24 15:53:32.983000
lastUpdated,2025-03-24 15:53:59.676000
usageCount,4
_id,664e365dcf253d2cdf8888bb
value,spo
__v,0
_id,6652558bcf253d2cdf52e796
value,swim
__v,0
_id,6658472bf070a95a96fe6e11
value,biodiversity
__v,0
_id,6659981d6bc424e99e2e64d1
value,harddisk
__v,0
_id,665dc0af379f5d44c0ddb7bb
value,ww2
__v,0
_id,665dc0de379f5d44c0deab84
value,world war
__v,0
_id,665dc106379f5d44c0df8097
value,world war ii
__v,0
_id,665e707a379f5d44c0f7db3f
value,italy
__v,0
_id,665e707a379f5d44c0f7db40
value,geography
__v,0
_id,665ea8e5379f5d44c0e4440b
value,ungaretti
__v,0
_id,665eaf52379f5d44c0020f53
value,atlas of the physical and political history of chile plates volume 1
__v,0
_id,665eb7b6379f5d44c02c7c00
value,political
__v,0
_id,6660c46f379f5d44c008cae9
value,compass
__v,0
_id,6665fd293539de8e82019285
value,social sustainability
__v,0
_id,6666dc1ea370ede309558450
value,master class
__v,0
_id,6666dc32a370ede30955ef63
value,sustainable marketing
__v,0
_id,6666dc78a370ede3095762c0
value,sdgs
__v,0
_id,6666dcb2a370ede30958b563
value,critical thinking
__v,0
_id,6666de0ba370ede30960cec6
value,life cycle analysis
__v,0
_id,6666de49a370ede309621df0
value,business model canvas
__v,0
_id,6666de5ea370ede309628a45
value,windmill
__v,0
_id,6666de98a370ede30963b662
value,glass material
__v,0
_id,6666def1a370ede3096584ef
value,fluid dynamics
__v,0
_id,6666def1a370ede30965873f
value,co2
__v,0
_id,6666df64a370ede3096812a6
value,gender
__v,0
_id,6666e294a370ede3097992b9
value,inclusion
__v,0
_id,6666e3eaa370ede30980cc1e
value,desertification
__v,0
_id,6666e4d6a370ede30985ba81
value,fluid mechanics
__v,0
_id,6666f549a370ede309e0a5b3
value,university
__v,0
_id,666706a6a370ede3093fcdfc
value,material
__v,0
_id,6668011da370ede309db9848
value,digit
__v,0
_id,666801faa370ede309e0bb6d
value,digi
__v,0
_id,666807b3a370ede309021061
value,creat
__v,0
_id,666816b8a370ede30956a6a6
value,cyber security
__v,0
_id,66681894a370ede309614479
value,hills
__v,0
_id,666818efa370ede309632f06
value,data visualisation
__v,0
_id,66681935a370ede30964cc79
value,ux design
__v,0
_id,66681aa6a370ede3096ce56a
value,empathy
__v,0
_id,66682392a370ede309a099c1
value,aps
__v,0
_id,66682392a370ede309a09a8c
value,biomechanics
__v,0
_id,66683d63a038fa0e172995a2
value,medicine
__v,0
dateSaved,2025-02-21 06:56:03.043000
lastUpdated,2025-02-21 06:56:03.043000
usageCount,1
_id,667a9995a038fa0e17ecded9
value,github
__v,0
_id,667d20c7a06c2106fa997825
value,algebra
__v,0
_id,668e8eebb1a372569070b31d
value,iso 14001
__v,0
_id,668e8eebb1a372569070b328
value,environment
__v,0
_id,6690f0b0ad417973221f4a5e
value,sus
__v,0
_id,66951527ad41797322f37f72
value,agriculture
__v,0
_id,669787f5ad41797322b932aa
value,future
__v,0
_id,66978ef5ad41797322e0b912
value,cinema
__v,0
_id,66978ef5ad41797322e0b92c
value,movie
__v,0
_id,66978fd8ad41797322e5a4ed
value,storytelling
__v,0
_id,66979041ad41797322e7ea45
value,dementia
__v,0
_id,6697c638ad417973222311ad
value,model transformation
__v,0
_id,669a6f6ead4179732239405c
value,ideate
__v,0
_id,669a6f78ad41797322397a7a
value,awareness
__v,0
_id,669a6f84ad4179732239cabf
value,user profiles
__v,0
_id,669a700aad417973223cd2b2
value,learning
__v,0
_id,669a7030ad417973223da6aa
value,decision making
__v,0
_id,669a704bad417973223e53f5
value,teaching
__v,0
_id,66ae58734ca3a35bd2ca9c9f
value,uml
__v,0
_id,66f047cb22f38894f549a26c
value,democracy
__v,0
_id,66f2768922f38894f56024da
value,grammar
__v,0
dateSaved,2025-03-16 18:00:33.173000
lastUpdated,2025-03-16 18:00:53.308000
usageCount,3
_id,66f29c217500b8baf7406445
value,dropout
__v,0
_id,66f29ce07500b8baf744d21f
value,competence
__v,0
_id,66f29d817500b8baf748a80e
value,higher education course
__v,0
_id,66f29f027500b8baf751bad0
value,educational research
__v,0
_id,66fcfa55621e859867aa53de
value,living lab
__v,0
_id,66fd3767621e85986744ac34
value,robotics
__v,0
_id,66fd5392621e859867028a89
value,course
__v,0
_id,66fd5409621e8598670594e5
value,storyboard
__v,0
_id,67079d0dda8fd502dfe6c657
value,poetry
__v,0
dateSaved,2025-04-14 10:23:20.854000
lastUpdated,2025-04-14 10:23:20.854000
usageCount,1
_id,670d1b4bb0fe1ab511dc67f6
value,ai education
__v,0
_id,67110d2cab290f497c68a182
value,digital transformation
__v,0
_id,6716215167e1326b656cf345
value,funds
__v,0
_id,6716237967e1326b657a6c0b
value,labour
__v,0
_id,671623be67e1326b657c29fe
value,employment
__v,0
_id,6718f2fe67e1326b652d52cb
value,elearning
__v,0
_id,6718f653058c2196a461fc5f
value,account
__v,0
_id,6718f656058c2196a46211cc
value,revenue
__v,0
_id,6718f674058c2196a462bc33
value,accounting
__v,0
dateSaved,2025-02-14 20:23:24.582000
lastUpdated,2025-02-14 20:27:07.467000
usageCount,8
_id,6718f69b058c2196a463989c
value,economics
__v,0
_id,6718f6a6058c2196a463d0bd
value,steal
__v,0
_id,6718f6a2058c2196a463bb03
value,business
__v,0
_id,6718f6fe058c2196a46570f7
value,economy
__v,0
_id,671b51bf85c4ea1e92a4306d
value,genomics
__v,0
_id,671b526785c4ea1e92a7fbb3
value,population genetics
__v,0
_id,671b527785c4ea1e92a8636e
value,calculus
__v,0
_id,671b52c385c4ea1e92aa0f12
value,qtl
__v,0
_id,671b55a685c4ea1e92bb434f
value,safety
__v,0
_id,671ba69685c4ea1e92a5a4cc
value,veterinary
__v,0
_id,671ba69685c4ea1e92a5a4fa
value,virology
__v,0
_id,671ba7e085c4ea1e92ad6aa8
value,cardiology
__v,0
_id,6721d6786d412eb905209359
value,statistics
__v,0
_id,6722296e6d412eb9050eebec
value,parasitology
__v,0
_id,67236b446d412eb905c38470
value,emission trading
__v,0
_id,6728fc958796dbe51d05ccf0
value,quanti
__v,0
_id,6728fcd68796dbe51d075ed4
value,neuro
__v,0
_id,6728fce58796dbe51d07a278
value,data analysis
__v,0
_id,6728fd198796dbe51d08a47e
value,environmental sustainability
__v,0
_id,6728fd268796dbe51d08e6b0
value,discover
__v,0
_id,6728fd478796dbe51d0996ce
value,theatre
__v,0
_id,6728fd9176349ae4a6b9f184
value,jasp
__v,0
_id,6728fdac76349ae4a6baa71f
value,folklore
__v,0
_id,6728fdb076349ae4a6babb77
value,information society
__v,0
_id,6728fde576349ae4a6bb9f55
value,education
__v,0
_id,6728fdec76349ae4a6bbc178
value,emotional
__v,0
_id,6728fdff76349ae4a6bc1721
value,identity
__v,0
_id,6728fe5a76349ae4a6bdb6be
value,microbial
__v,0
_id,6728feb476349ae4a6bf1b6d
value,cine
__v,0
_id,6728ff1476349ae4a6c0ea78
value,women
__v,0
_id,6728ffba76349ae4a6c44f08
value,popular music
__v,0
_id,6729069176349ae4a6e63e3e
value,visualisation
__v,0
_id,672906e976349ae4a6e8102c
value,entrepreneurship
__v,0
_id,6729073276349ae4a6e95f2d
value,public management
__v,0
_id,6729076376349ae4a6ea45ce
value,public
__v,0
dateSaved,2025-04-16 09:48:43.657000
lastUpdated,2025-04-16 09:48:43.657000
usageCount,1
_id,672b85c676349ae4a65b47b8
value,technology
__v,0
_id,672c8f9d76349ae4a6ca203b
value,model-driven engineering
__v,0
_id,6730d30676349ae4a6d1aba6
value,anthropology
__v,0
dateSaved,2025-02-14 20:22:16.875000
lastUpdated,2025-02-14 20:22:16.875000
usageCount,1
_id,6730d30676349ae4a6d1aba7
value,religion
__v,0
dateSaved,2025-02-14 20:22:16.876000
lastUpdated,2025-02-14 20:22:16.876000
usageCount,1
_id,673734e906c9b704f4fcc076
value,ict
__v,0
_id,673df35563e1d5035d6366c8
value,smart cities
__v,0
_id,673df38463e1d5035d6366d6
value,big data
__v,0
_id,673df3ae63e1d5035d6366e2
value,remote work
__v,0
_id,6745a8180c833815b45a6cab
value,econometrics
__v,0
_id,67482d6726efab2413bf1dee
value,idea
__v,0
_id,67482d9926efab2413bf1e05
value,design
__v,0
_id,67482dbb26efab2413bf1e1a
value,innovation
__v,0
_id,6748d4ec26efab2413bf688c
value,communication
__v,0
_id,6749dd8126efab2413bfcf15
value,collective action
__v,0
_id,6749dd8726efab2413bfcf19
value,venture capital
__v,0
_id,6749dd8d26efab2413bfcf1c
value,medicinal chemistry
__v,0
_id,6749dd9a26efab2413bfcf21
value,heritage
__v,0
_id,6749ddaf26efab2413bfcf27
value,agronomy
__v,0
_id,6749ddcd26efab2413bfcf32
value,noia
__v,0
_id,6749ddee26efab2413bfcf3d
value,human
__v,0
_id,6749de0f26efab2413bfcf4a
value,analysis of variance
__v,0
_id,6749de3526efab2413bfcf5d
value,finite element method
__v,0
_id,6749de3a26efab2413bfcf5e
value,bootstrap
__v,0
_id,6749de4426efab2413bfcf63
value,ethical marketing
__v,0
_id,6749de9f26efab2413bfcf82
value,protests
__v,0
_id,6749def626efab2413bfcf9f
value,monoclonal antibody
__v,0
_id,6749df4426efab2413bfcfbf
value,strike
__v,0
_id,6749dfc226efab2413bfcffa
value,social change
__v,0
_id,6749dfce26efab2413bfcffe
value,neuroethics
__v,0
_id,6749e1d926efab2413bfd0c2
value,polarization
__v,0
_id,6751bcbc4c0151ef95473c14
value,introduction to computers
__v,0
_id,6751d92c4c0151ef9547481a
value,a computer
__v,0
_id,6751f3d74c0151ef95475346
value,information technology
__v,0
_id,675310264c0151ef9547bd3a
value,cost benefit
__v,0
_id,675819d09985d0416322bc0f
value,cba
__v,0
_id,67581a399985d0416322bc44
value,mcd
__v,0
_id,67581a5a9985d0416322bc52
value,cpa
__v,0
_id,677d5f9e7e65c4a07542961d
value,angular
__v,0
_id,677d5f9e7e65c4a07542961e
value,php
__v,0
_id,677ea5da7e65c4a075431688
value,software
__v,0
_id,677ea5ed7e65c4a075431690
value,business administration
__v,0
_id,677ea5ff7e65c4a0754316a6
value,mental health
__v,0
_id,677ea6217e65c4a0754316b6
value,scraping
__v,0
_id,677ea6237e65c4a0754316b7
value,triangulation
__v,0
_id,677ea6267e65c4a0754316b8
value,design thinking
__v,0
dateSaved,2025-02-05 09:22:55.354000
lastUpdated,2025-02-18 10:42:12.567000
usageCount,3
_id,677ea6427e65c4a0754316c5
value,prompt design
__v,0
_id,677ea6517e65c4a0754316cd
value,prototyping
__v,0
_id,677ea6847e65c4a0754316f0
value,scouting
__v,0
_id,677ea68f7e65c4a0754316f4
value,talent
__v,0
_id,677ea6e17e65c4a07543171e
value,career
__v,0
_id,677ea6f47e65c4a075431731
value,development
__v,0
_id,677ea8347e65c4a0754317a9
value,budget
__v,0
_id,677ea8807e65c4a0754317c7
value,report
__v,0
_id,677ea8d77e65c4a0754317eb
value,startup
__v,0
_id,677ea99e7e65c4a07543184b
value,user research
__v,0
_id,677eaa467e65c4a075431889
value,mindfulness
__v,0
_id,677eaa5e7e65c4a075431891
value,happiness
__v,0
_id,677eab107e65c4a0754318ed
value,service
__v,0
_id,677fafbd15eed001989e9d59
value,citizen
__v,0
_id,678e64f715eed00198a4e37e
value,change management
__v,0
_id,678e691315eed00198a4e5d5
value,software programming
__v,0
_id,678fedc915eed00198a58c13
value,asset management
__v,0
_id,678fee0315eed00198a58c26
value,data management
__v,0
_id,678fee6515eed00198a58c4e
value,data governance
__v,0
_id,678fee9215eed00198a58c5f
value,data steward
__v,0
_id,678feeaa15eed00198a58c66
value,data owner
__v,0
_id,6791026c15eed00198a623c3
value,graphic
__v,0
_id,6793914b15eed00198a78058
value,scalability
__v,0
_id,6793963315eed00198a7827a
value,organizational development
__v,0
_id,67967b3015eed00198a8b64e
value,arduino
__v,0
createdAt,2025-01-26 18:13:04.102000
updatedAt,2025-01-26 18:13:04.102000
_id,67968a038eb2fe330ce1e6ae
value,abstraction
__v,0
_id,6796a5c58eb2fe330ce1f1dd
value,classe
__v,0
_id,6796b474d53bf84dcfdd87e1
value,toto77
__v,0
_id,67979cab9c4bbe554daecf5c
value,sustaianability
dateSaved,2025-01-27 14:48:11.237000
lastUpdated,2025-01-27 14:48:11.237000
usageCount,1
__v,0
_id,67979d079c4bbe554daecf6f
value,ai1
dateSaved,2025-01-27 14:49:43.435000
lastUpdated,2025-01-27 14:49:43.435000
usageCount,1
__v,0
_id,67979d0f9c4bbe554daecf72
value,ai2
dateSaved,2025-01-27 14:49:51.368000
lastUpdated,2025-01-27 14:49:54.935000
usageCount,2
__v,0
_id,679fa419fd99ac11196b6a21
value,abstraction engineering
dateSaved,2025-02-02 16:58:01.224000
lastUpdated,2025-02-02 17:00:05.260000
usageCount,2
__v,0
_id,67b4968cfd99ac11196b6c3f
value,fashion design
dateSaved,2025-02-18 14:17:48.238000
lastUpdated,2025-02-18 14:31:20.775000
usageCount,3
__v,0
_id,67c6d7eafd99ac11196b70f3
value,politics
dateSaved,2025-03-04 10:37:30.376000
lastUpdated,2025-03-04 10:37:30.376000
usageCount,1
__v,0
_id,67c6d89dfd99ac11196b71a5
value,moodle
dateSaved,2025-03-04 10:40:29.555000
lastUpdated,2025-03-04 10:41:08.017000
usageCount,2
__v,0
_id,67ceb433fd99ac11196b73e6
value,oer commons
dateSaved,2025-03-10 09:43:15.298000
lastUpdated,2025-03-10 09:43:15.298000
usageCount,1
__v,0
_id,67d711e5fd99ac11196b7434
value,romanian
dateSaved,2025-03-16 18:01:09.536000
lastUpdated,2025-03-16 18:01:19.763000
usageCount,2
__v,0
_id,67fce23efd99ac11196b76e8
value,accessibility
dateSaved,2025-04-14 10:23:58.614000
lastUpdated,2025-04-16 09:48:43.617000
usageCount,7
__v,0
_id,67ff7bdffd99ac11196b7755
value,coding
dateSaved,2025-04-16 09:43:59.852000
lastUpdated,2025-04-16 09:43:59.852000
usageCount,1
__v,0
_id,67ff7d18fd99ac11196b77af
value,w3c
dateSaved,2025-04-16 09:49:12.730000
lastUpdated,2025-04-16 09:49:12.730000
usageCount,1
__v,0
_id,67ff7d60fd99ac11196b77d1
value,wai-aria
dateSaved,2025-04-16 09:50:24.404000
lastUpdated,2025-04-16 10:00:37.400000
usageCount,2
__v,0
